{
  "version": true,
  "size": 500,
  "sort": [ { "@timestamp": { "order": "desc", "unmapped_type": "boolean" } } ],
  "aggs": {
    "2": {
      "date_histogram": { "field": "@timestamp", "calendar_interval": "1w", "time_zone": "America/Chicago", "min_doc_count": 1 }
    }
  },
  "stored_fields": [ "" ],
  "script_fields": {},
  "docvalue_fields": [
    { "field": "@timestamp", "format": "date_time" },
    { "field": "RESPONSES.data.searchResults.records.originalSourceData.ADDRESSES.INGESTION_DATE", "format": "date_time" },
    { "field": "RESPONSES.data.searchResults.records.originalSourceData.NAMES.INGESTION_DATE", "format": "date_time" }
  ],
  "_source": { "excludes": [] },
  "query": {
    "bool": {
      "must": [],
      "filter": [
        {
          "bool": {
            "should": [
              { "query_string": { "fields": [ "senzingRequests.IDENTIFIERS.SUBSCRIBER_ID.keyword" ], "query": "\\0\\0" } }
            ],
            "minimum_should_match": 1
          }
        },
        {
          "range": {
            "@timestamp": {
              "gte": "2019-05-15T16:26:02.597Z",
              "lte": "2020-05-15T16:26:02.597Z",
              "format": "strict_date_optional_time"
            }
          }
        }
      ],
      "should": [], "must_not": []
    }
  },
  "highlight": {
    "pre_tags": [ "@kibana-highlighted-field@" ],
    "post_tags": [ "@/kibana-highlighted-field@" ],
    "fields": { "*": {} },
    "fragment_size": 2147483647
  }
}