"DATA_TABLE_NAME","DATA_TABLE_SQL","GROUPID","FROM_RELEASE_CYCLE","TO_RELEASE_CYCLE"
mpi_custom,,H328218,"201610","201810"
mpi_custom,,H328218,"201810",
mpi_custom,,H430416,"201705",
mpi_custom,,H451171,"201704",
mpi_custom,,H477171,"201601",
mpi_custom,,H542284,"201511","201601"
mpi_custom,,H542284,"201601","201910"
mpi_custom,,H542284,"201910",
mpi_custom,,H557454,"201604","201712"
mpi_custom,,H557454,"201712",
mpi_custom,,H557566,"201803",
mpi_custom,,H592196,"201908",
mpi_custom,,H641171,"201708","201712"
mpi_custom,,H641171,"201712",
mpi_custom,,H717614,"201903",
mpi_custom,,H941216,"202008",
mpi_custom,,H969755,"202008",
mpi_custom,,H984197,"201612",
mpi_custom,,H984216,"201806","202001"
mpi_custom,,H984216,"202003",
mpi_id,,H984787,"201708",