<configuration>

    <appender name="STDOUT" class="ch.qos.logback.core.ConsoleAppender">
        <filter class="com.uhg.ihr.centrihealth.api.logging.HealthCheckFilter"/>
        <filter class="com.uhg.ihr.centrihealth.api.logging.ConnectionResetByPeerFilter"/>
        <withJansi>true</withJansi>
        <encoder class="net.logstash.logback.encoder.LoggingEventCompositeJsonEncoder">
            <providers>
                <timestamp/>
                <pattern>
                    <omitEmptyFields>true</omitEmptyFields>
                    <pattern>
                        {
                        "corrId": "%mdc{requestId:-none}",
                        "logger": "%logger",
                        "level": "%level",
                        "thread": "%thread",
                        "message": "#tryJson{%message}"
                        }
                    </pattern>
                </pattern>
            </providers>
        </encoder>
    </appender>

    <appender name="JSON_ROLLING_FILE" class="ch.qos.logback.core.rolling.RollingFileAppender">
        <filter class="com.uhg.ihr.centrihealth.api.logging.ConnectionResetByPeerFilter"/>
        <file>/logs/ihr-api-ingest-json-${HOSTNAME}.log</file>
        <rollingPolicy class="ch.qos.logback.core.rolling.SizeAndTimeBasedRollingPolicy">
            <fileNamePattern>/logs/ihr-api-ingest-json-${HOSTNAME}-%d{yyyy-MM-dd}.%i.log</fileNamePattern>
            <maxFileSize>10MB</maxFileSize>
            <maxHistory>30</maxHistory>
            <totalSizeCap>3GB</totalSizeCap>
        </rollingPolicy>
        <encoder class="net.logstash.logback.encoder.LoggingEventCompositeJsonEncoder">
            <providers>
                <timestamp/>
                <pattern>
                    <omitEmptyFields>true</omitEmptyFields>
                    <pattern>
                        {
                        "corrId": "%mdc{requestId:-none}",
                        "logger": "%logger",
                        "level": "%level",
                        "thread": "%thread",
                        "message": "#tryJson{%message}"
                        }
                    </pattern>
                </pattern>
            </providers>
        </encoder>
    </appender>

    <logger name="io.micronaut" level="${LOG_LEVEL:-INFO}"/>
    <logger name="io.micronaut.http.client" level="${LOG_LEVEL:-INFO}"/>
    <logger name="io.netty.channel.nio" level="${LOG_LEVEL:-INFO}"/>
    <logger name="com.uhg.ihr.centrihealth" level="${LOG_LEVEL:-INFO}"/>

    <root level="INFO">
        <appender-ref ref="STDOUT"/>
        <appender-ref ref="JSON_ROLLING_FILE"/>
    </root>

</configuration>
