{
  "resourceType": "Bundle",
  "id": "2019-01-02T03:04:44Z-Client-1sE",
  "type": "transaction",
  "entry": [
    {
      "resource": {
        "resourceType": "Patient",
        "id": "4c2f3281-eab3-459c-840c-862c7528277e",
        "name": [
          {
            "family": "Mouse",
            "given": [
              "Minnie"
            ]
          }
        ],
        "birthDate": "1959-05-26"
      }
    },
    {
      "resource": {
        "resourceType": "Coverage",
        "id": "74b2befb-2cc8-4de6-8325-458e0c47fcfe",
        "identifier": [
          {
            "type": {
              "text": "searchId"
            },
            "value": "00000251082177"
          },
          {
            "type": {
              "text": "correlationId"
            },
            "value": "hsadhSDASd68767_kerna_edge"
          }
        ]
      }
    },
    {
      "resource": {
        "resourceType": "MedicationStatement",
        "id": "74b2befb-2cc8-4de6-8325-458e0c47fcfs",
        "meta": {
          "tag": [
            {
              "code" : "actionFlag",
              "display": "Upsert"
            }
          ],
          "lastUpdated": "2019-10-24T13:33:05.000+00:00"
        },
        "note": [
          {
            "authorReference": {
              "reference" : "RelatedPerson/4c2f3281-eab3-459c-840c-862c7528279e"
            },
            "text": "This medication is not working for me. Should I try 40 mg?"
          }
        ],
        "identifier": [
          {
            "type": {
              "text": "recordKey"
            },
            "value": "o*}Dci^Vj2DS9mggDvEzepfVVqzx{ZEsiUvmmn<+gbH%HEjP.xoJ0P2h8Y(h"
          }
        ]
      }
    },
    {
      "resource": {
        "resourceType": "RelatedPerson",
        "id": "4c2f3281-eab3-459c-840c-862c7528279e",
        "name": [
          {
            "family": "Mouse",
            "given": [
              "Minnie"
            ]
          }
        ],
        "birthDate": "1959-05-26"
      }
    }
  ]
}