{
  "meta": {
    "httpMethod": "GET",
    "httpStatusCode": 200,
    "timestamp": "2020-08-03T23:43:20.490Z"
  },
  "links": {
    "self": "http://localhost:8081/entities?attrs=%7B%22collectionName%22%3A%22b50%22%2C%22name_first%22%3A%22cinderella%22%2C%22name_last%22%3A%22downtrodden%22%2C%22date_of_birth%22%3A%221989%2F05%2F27%22%2C%22hcid%22%3A%22#CHID#%22%2C%22uhcins_member_id%22%3A%22#CHID#%22%2C%22alt_member_id%22%3A%22#CHID#%22%2C%22subscriber_id%22%3A%22#CHID#%22%2C%22subscriber_id_pad%22%3A%2200#CHID#%22%7D&withRaw=false"
  },
  "rawData": null,
  "data": {
    "searchResults": [
      {
        "entityId": 5851021,
        "entityName": "CINDERELLA C DOWNTRODDEN",
        "bestName": null,
        "recordSummaries": [
          {
            "dataSource": "MEMBER",
            "recordCount": 1,
            "topRecordIds": [
              "#TESTIHRID#"
            ]
          }
        ],
        "addressData": [
          "PERMANENT: 1243 RUSSELL ST YPSILANTI MI 481985970"
        ],
        "attributeData": [
          "DOB: 1989-05-27",
          "GENDER: MALE"
        ],
        "identifierData": [
          "SUBSCRIBER-ID SEARCH_ID: 00471195369",
          "ALT-MEMBER-ID SEARCH_ID: 956398801",
          "SSN-NUMBER SEARCH_ID: 00471195369",
          "GLOBAL_ACTOR_ID: #TESTIHRID#",
          "SUBSCRIBER_ID: 00471195369",
          "ALT_MEMBER_ID: 956398801",
          "SSN: 00471195369"
        ],
        "nameData": [
          "CINDERELLA C DOWNTRODDEN"
        ],
        "phoneData": [
          "CONTACT TELEPHONE: 313-675-8763",
          "REPORTED PHONE: 734-961-5229"
        ],
        "relationshipData": [],
        "otherData": [],
        "features": {
          "ADDRESS": [
            {
              "primaryValue": "1243 RUSSELL ST YPSILANTI MI 481985970",
              "usageType": "PERMANENT",
              "duplicateValues": []
            }
          ],
          "ALT_MEMBER_ID": [
            {
              "primaryValue": "956398801",
              "usageType": null,
              "duplicateValues": []
            }
          ],
          "DOB": [
            {
              "primaryValue": "1989-05-27",
              "usageType": null,
              "duplicateValues": []
            }
          ],
          "GENDER": [
            {
              "primaryValue": "MALE",
              "usageType": null,
              "duplicateValues": []
            }
          ],
          "GLOBAL_ACTOR_ID": [
            {
              "primaryValue": "#TESTIHRID#",
              "usageType": null,
              "duplicateValues": []
            }
          ],
          "NAME": [
            {
              "primaryValue": "CINDERELLA C DOWNTRODDEN",
              "usageType": null,
              "duplicateValues": []
            }
          ],
          "PHONE": [
            {
              "primaryValue": "313-675-8763",
              "usageType": "CONTACT TELEPHONE",
              "duplicateValues": []
            },
            {
              "primaryValue": "734-961-5229",
              "usageType": "REPORTED PHONE",
              "duplicateValues": []
            }
          ],
          "SEARCH_ID": [
            {
              "primaryValue": "956398801",
              "usageType": "ALT-MEMBER-ID",
              "duplicateValues": []
            },
            {
              "primaryValue": "00471195369",
              "usageType": "SSN-NUMBER",
              "duplicateValues": []
            },
            {
              "primaryValue": "00471195369",
              "usageType": "SUBSCRIBER-ID",
              "duplicateValues": []
            }
          ],
          "SSN": [
            {
              "primaryValue": "00471195369",
              "usageType": null,
              "duplicateValues": []
            }
          ],
          "SUBSCRIBER_ID": [
            {
              "primaryValue": "00471195369",
              "usageType": null,
              "duplicateValues": []
            }
          ]
        },
        "records": [
          {
            "dataSource": "MEMBER",
            "recordId": "#TESTIHRID#",
            "addressData": [
              "Permanent: 1243 RUSSELL ST YPSILANTI MI 481985970"
            ],
            "attributeData": [
              "DOB: 1989/05/27",
              "GENDER: Male"
            ],
            "identifierData": [
              "ALT_MEMBER_ID: 956398801",
              "GLOBAL_ACTOR_ID: #TESTIHRID#",
              "SEARCH_ID: ALT-MEMBER-ID: 956398801",
              "SEARCH_ID: SSN-NUMBER: 00471195369",
              "SEARCH_ID: SUBSCRIBER-ID: 00471195369",
              "SSN: 00471195369",
              "SUBSCRIBER_ID: 00471195369"
            ],
            "nameData": [
              "downtrodden cinderella C"
            ],
            "phoneData": [
              "Reported Phone: 7349615229",
              "Contact Telephone: 3136758763"
            ],
            "relationshipData": [],
            "otherData": [
              "LOB: ELIG_CS",
              "CORRELATION_ID: 1-Subscriber"
            ],
            "originalSourceData": {
              "CORRELATION_ID": "1-Subscriber",
              "Global_Actor_ID": "#TESTIHRID#",
              "LOB": "ELIG_CS",
              "NAMES": [
                {
                  "NAME_LAST": "downtrodden",
                  "NAME_MIDDLE": "C",
                  "NAME_FIRST": "cinderella",
                  "NAME_TYPE": ""
                }
              ],
              "GENDER": "Male",
              "DATE_OF_BIRTH": "1989/05/27",
              "SUBSCRIBER_ID": "",
              "SUBSCRIBER_RELATIONSHIP_TYPE": "",
              "IDENTIFIERS": [
                {
                  "SUBSCRIBER_ID": "00471195369"
                },
                {
                  "ALT_MEMBER_ID": "956398801"
                },
                {
                  "SSN_NUMBER": "00471195369"
                },
                {
                  "SEARCH_ID_SUBSCRIBER-ID": "00471195369"
                },
                {
                  "SEARCH_ID_ALT-MEMBER-ID": "956398801"
                },
                {
                  "SEARCH_ID_SSN-NUMBER": "00471195369"
                }
              ],
              "PHONES": [
                {
                  "PHONE_NUMBER": "7349615229",
                  "PHONE_TYPE": "Reported Phone"
                },
                {
                  "PHONE_NUMBER": "3136758763",
                  "PHONE_TYPE": "Contact Telephone"
                }
              ],
              "ADDRESSES": [
                {
                  "ADDR_LINE1": "1243 RUSSELL ST",
                  "ADDR_LINE2": "",
                  "ADDR_POSTAL_CODE": "481985970",
                  "ADDR_COUNTRY": "",
                  "ADDR_STATE": "MI",
                  "ADDR_CITY": "YPSILANTI",
                  "ADDR_TYPE": "Permanent"
                }
              ],
              "DATA_SOURCE": "MEMBER",
              "ENTITY_TYPE": "MEMBER",
              "DSRC_ACTION": "A",
              "LENS_CODE": "DEFAULT",
              "RECORD_ID": "#TESTIHRID#"
            }
          }
        ],
        "matchLevel": 1,
        "fullNameScore": 93,
        "matchScore": 11,
        "ambiguous": false,
        "matchKey": "+NAME+DOB+SUBSCRIBER_ID",
        "resolutionRuleCode": "CF1_CNAME_CSTAB",
        "refScore": 8,
        "partial": false,
        "resultType": "MATCH"
      },
      {
        "entityId": 5855002,
        "entityName": "CAPTAIN AMERICA",
        "bestName": null,
        "recordSummaries": [
          {
            "dataSource": "MEMBER",
            "recordCount": 1,
            "topRecordIds": [
              "XXXTEST001"
            ]
          }
        ],
        "addressData": [
          "PERMANENT: 1243 RUSSELL ST YPSILANTI MI 481985970"
        ],
        "attributeData": [
          "DOB: 1990-11-21",
          "GENDER: MALE"
        ],
        "identifierData": [
          "ALT-MEMBER-ID SEARCH_ID: 954310593",
          "SUBSCRIBER-ID SEARCH_ID: #CHID#",
          "SSN-NUMBER SEARCH_ID: 473080426",
          "GLOBAL_ACTOR_ID: XXXTEST001",
          "ALT_MEMBER_ID: 954310593",
          "SUBSCRIBER_ID: #CHID#",
          "SSN: 473080426"
        ],
        "nameData": [
          "CAPTAIN AMERICA"
        ],
        "phoneData": [
          "CONTACT TELEPHONE: 313-675-8763",
          "REPORTED PHONE: 734-961-5229"
        ],
        "relationshipData": [],
        "otherData": [],
        "features": {
          "ADDRESS": [
            {
              "primaryValue": "1243 RUSSELL ST YPSILANTI MI 481985970",
              "usageType": "PERMANENT",
              "duplicateValues": []
            }
          ],
          "ALT_MEMBER_ID": [
            {
              "primaryValue": "954310593",
              "usageType": null,
              "duplicateValues": []
            }
          ],
          "DOB": [
            {
              "primaryValue": "1990-11-21",
              "usageType": null,
              "duplicateValues": []
            }
          ],
          "GENDER": [
            {
              "primaryValue": "MALE",
              "usageType": null,
              "duplicateValues": []
            }
          ],
          "GLOBAL_ACTOR_ID": [
            {
              "primaryValue": "XXXTEST001",
              "usageType": null,
              "duplicateValues": []
            }
          ],
          "NAME": [
            {
              "primaryValue": "CAPTAIN AMERICA",
              "usageType": null,
              "duplicateValues": []
            }
          ],
          "PHONE": [
            {
              "primaryValue": "313-675-8763",
              "usageType": "CONTACT TELEPHONE",
              "duplicateValues": []
            },
            {
              "primaryValue": "734-961-5229",
              "usageType": "REPORTED PHONE",
              "duplicateValues": []
            }
          ],
          "SEARCH_ID": [
            {
              "primaryValue": "954310593",
              "usageType": "ALT-MEMBER-ID",
              "duplicateValues": []
            },
            {
              "primaryValue": "473080426",
              "usageType": "SSN-NUMBER",
              "duplicateValues": []
            },
            {
              "primaryValue": "#CHID#",
              "usageType": "SUBSCRIBER-ID",
              "duplicateValues": []
            }
          ],
          "SSN": [
            {
              "primaryValue": "473080426",
              "usageType": null,
              "duplicateValues": []
            }
          ],
          "SUBSCRIBER_ID": [
            {
              "primaryValue": "#CHID#",
              "usageType": null,
              "duplicateValues": []
            }
          ]
        },
        "records": [
          {
            "dataSource": "MEMBER",
            "recordId": "XXXTEST001",
            "addressData": [
              "Permanent: 1243 RUSSELL ST YPSILANTI MI 481985970"
            ],
            "attributeData": [
              "DOB: 1990/11/21",
              "GENDER: MALE"
            ],
            "identifierData": [
              "ALT_MEMBER_ID: 954310593",
              "GLOBAL_ACTOR_ID: XXXTEST001",
              "SEARCH_ID: ALT-MEMBER-ID: 954310593",
              "SEARCH_ID: SSN-NUMBER: 473080426",
              "SEARCH_ID: SUBSCRIBER-ID: #CHID#",
              "SSN: 473080426",
              "SUBSCRIBER_ID: #CHID#"
            ],
            "nameData": [
              "america captain"
            ],
            "phoneData": [
              "Reported Phone: 7349615229",
              "Contact Telephone: 3136758763"
            ],
            "relationshipData": [],
            "otherData": [
              "LOB: ELIG_CS",
              "CORRELATION_ID: 1-Subscriber"
            ],
            "originalSourceData": {
              "CORRELATION_ID": "1-Subscriber",
              "Global_Actor_ID": "XXXTEST001",
              "LOB": "ELIG_CS",
              "NAMES": [
                {
                  "NAME_LAST": "america",
                  "NAME_MIDDLE": "",
                  "NAME_FIRST": "captain",
                  "NAME_TYPE": ""
                }
              ],
              "GENDER": "MALE",
              "DATE_OF_BIRTH": "1990/11/21",
              "SUBSCRIBER_ID": "",
              "SUBSCRIBER_RELATIONSHIP_TYPE": "",
              "IDENTIFIERS": [
                {
                  "SUBSCRIBER_ID": "#CHID#"
                },
                {
                  "ALT_MEMBER_ID": "954310593"
                },
                {
                  "SSN_NUMBER": "473080426"
                },
                {
                  "SEARCH_ID_SUBSCRIBER-ID": "#CHID#"
                },
                {
                  "SEARCH_ID_ALT-MEMBER-ID": "954310593"
                },
                {
                  "SEARCH_ID_SSN-NUMBER": "473080426"
                }
              ],
              "PHONES": [
                {
                  "PHONE_NUMBER": "7349615229",
                  "PHONE_TYPE": "Reported Phone"
                },
                {
                  "PHONE_NUMBER": "3136758763",
                  "PHONE_TYPE": "Contact Telephone"
                }
              ],
              "ADDRESSES": [
                {
                  "ADDR_LINE1": "1243 RUSSELL ST",
                  "ADDR_LINE2": "",
                  "ADDR_POSTAL_CODE": "481985970",
                  "ADDR_COUNTRY": "",
                  "ADDR_STATE": "MI",
                  "ADDR_CITY": "YPSILANTI",
                  "ADDR_TYPE": "Permanent"
                }
              ],
              "DATA_SOURCE": "MEMBER",
              "ENTITY_TYPE": "MEMBER",
              "DSRC_ACTION": "A",
              "LENS_CODE": "DEFAULT",
              "RECORD_ID": "XXXTEST001"
            }
          }
        ],
        "matchLevel": 3,
        "fullNameScore": 40,
        "matchScore": 0,
        "ambiguous": false,
        "matchKey": "+SUBSCRIBER_ID-DOB",
        "resolutionRuleCode": "SF1",
        "refScore": 6,
        "partial": false,
        "resultType": "POSSIBLE_RELATION"
      }
    ]
  }
}