<configuration>

    <appender name="STDOUT" class="ch.qos.logback.core.ConsoleAppender">
        <filter class="com.uhg.ihr.provider.api.logging.HealthCheckFilter" />
        <withJansi>true</withJansi>
        <encoder class="net.logstash.logback.encoder.LoggingEventCompositeJsonEncoder">
            <providers>
                <timestamp/>
                <pattern>
                    <omitEmptyFields>true</omitEmptyFields>
                    <pattern>
                        {
                        "corrId": "%mdc{requestId:-none}",
                        "logger": "%logger",
                        "level": "%level",
                        "thread": "%thread",
                        "message": "#tryJson{%message}"
                        }
                    </pattern>
                </pattern>
            </providers>
        </encoder>
<!--        <encoder>-->
<!--            <pattern>%date{"yyyy-MM-dd'T'HH:mm:ss,SSSXXX", UTC} ${HOSTNAME} %-5level %X{logType:-system} [%thread] %logger{35} - %msg%n</pattern>-->
<!--        </encoder>-->
    </appender>
    <appender name="AUDIT_STDOUT" class="ch.qos.logback.core.ConsoleAppender">
        <filter class="com.uhg.ihr.provider.api.logging.HealthCheckFilter" />
        <withJansi>true</withJansi>
        <encoder class="net.logstash.logback.encoder.LoggingEventCompositeJsonEncoder">
            <providers>
                <timestamp/>
                <pattern>
                    <omitEmptyFields>true</omitEmptyFields>
                    <pattern>
                        {
                        "audit": "#tryJson{%message}"
                        }
                    </pattern>
                </pattern>
            </providers>
        </encoder>
        <!--        <encoder>-->
        <!--            <pattern>%date{"yyyy-MM-dd'T'HH:mm:ss,SSSXXX", UTC} ${HOSTNAME} %-5level %X{logType:-system} [%thread] %logger{35} - %msg%n</pattern>-->
        <!--        </encoder>-->
    </appender>

    <appender name="ROLLING_FILE" class="ch.qos.logback.core.rolling.RollingFileAppender">
        <filter class="com.uhg.ihr.provider.api.logging.JsonFilter" />
        <file>/logs/ihr-provider-api-${HOSTNAME}.log</file>
        <rollingPolicy class="ch.qos.logback.core.rolling.SizeAndTimeBasedRollingPolicy">
            <fileNamePattern>/logs/ihr-provider-api-${HOSTNAME}-%d{yyyy-MM-dd}.%i.log</fileNamePattern>
            <maxFileSize>10MB</maxFileSize>
            <maxHistory>30</maxHistory>
            <totalSizeCap>3GB</totalSizeCap>
        </rollingPolicy>
        <encoder>
            <pattern>%date{"yyyy-MM-dd'T'HH:mm:ss,SSSXXX", UTC} ${HOSTNAME} %-5level %X{logType:-system} [%thread] %logger{35} - %msg%n</pattern>
        </encoder>
    </appender>

    <appender name="JSON_ROLLING_FILE" class="ch.qos.logback.core.rolling.RollingFileAppender">
        <file>/logs/ihr-provider-api-json-${HOSTNAME}.log</file>
        <rollingPolicy class="ch.qos.logback.core.rolling.SizeAndTimeBasedRollingPolicy">
            <fileNamePattern>/logs/ihr-provider-api-json-${HOSTNAME}-%d{yyyy-MM-dd}.%i.log</fileNamePattern>
            <maxFileSize>10MB</maxFileSize>
            <maxHistory>30</maxHistory>
            <totalSizeCap>3GB</totalSizeCap>
        </rollingPolicy>
        <encoder class="net.logstash.logback.encoder.LoggingEventCompositeJsonEncoder">
            <providers>
                <timestamp/>
                <pattern>
                    <omitEmptyFields>true</omitEmptyFields>
                    <pattern>
                        {
                        "corrId": "%mdc{requestId:-none}",
                        "logger": "%logger",
                        "level": "%level",
                        "type": "%mdc{logType:-system}",
                        "thread": "%thread",
                        "message": "#tryJson{%message}"
                        }
                    </pattern>
                </pattern>
            </providers>
        </encoder>
    </appender>

<!--    <appender name="KAFKA_AUDIT" class="com.github.danielwegener.logback.kafka.KafkaAppender">-->
<!--        <filter class="com.uhg.ihr.provider.api.logging.AuditFilter"/>-->
<!--        <encoder class="net.logstash.logback.encoder.LoggingEventCompositeJsonEncoder">-->
<!--            <providers>-->
<!--                <timestamp/>-->
<!--                <pattern>-->
<!--                    <omitEmptyFields>true</omitEmptyFields>-->
<!--                    <pattern>-->
<!--                        {-->
<!--                        "corrId": "%mdc{requestId:-none}",-->
<!--                        "logger": "%logger",-->
<!--                        "level": "%level",-->
<!--                        "type": "%mdc{logType}",-->
<!--                        "thread": "%thread",-->
<!--                        "message": "#tryJson{%message}"-->
<!--                        }-->
<!--                    </pattern>-->
<!--                </pattern>-->
<!--            </providers>-->
<!--        </encoder>-->
<!--        <topic>logs</topic>-->
<!--        <keyingStrategy class="com.github.danielwegener.logback.kafka.keying.NoKeyKeyingStrategy" />-->
<!--        <deliveryStrategy class="com.github.danielwegener.logback.kafka.delivery.AsynchronousDeliveryStrategy" />-->

<!--        &lt;!&ndash; Optional parameter to use a fixed partition &ndash;&gt;-->
<!--        &lt;!&ndash; <partition>0</partition> &ndash;&gt;-->

<!--        &lt;!&ndash; Optional parameter to include log timestamps into the kafka message &ndash;&gt;-->
<!--        &lt;!&ndash; <appendTimestamp>true</appendTimestamp> &ndash;&gt;-->

<!--        &lt;!&ndash; each <producerConfig> translates to regular kafka-client config (format: key=value) &ndash;&gt;-->
<!--        &lt;!&ndash; producer configs are documented here: https://kafka.apache.org/documentation.html#newproducerconfigs &ndash;&gt;-->
<!--        &lt;!&ndash; bootstrap.servers is the only mandatory producerConfig &ndash;&gt;-->
<!--        <producerConfig>bootstrap.servers=localhost:9092</producerConfig>-->

<!--        &lt;!&ndash; this is the fallback appender if kafka is not available. &ndash;&gt;-->
<!--&lt;!&ndash;        <appender-ref ref="STDOUT" />&ndash;&gt;-->
<!--    </appender>-->

    <logger name="io.micronaut" level="${LOG_LEVEL:-INFO}"/>
    <logger name="io.micronaut.http.client" level="${LOG_LEVEL:-INFO}"/>
    <logger name="io.netty.channel.nio" level="${LOG_LEVEL:-INFO}"/>
    <logger name="com.uhg.ihr.provider" level="${LOG_LEVEL:-INFO}"/>
    <logger name="com.uhg.ihr.audit.consumer.LoggingAuditListener" level="${AUDIT_LOG_LEVEL:-INFO}"
            additivity="false">
        <appender-ref ref="AUDIT_STDOUT"/>
    </logger>

    <logger name="com.uhg.ihr.provider.api.logging" level="${REQUEST_LOG_LEVEL:-INFO}"/>

    <root level="INFO">
        <appender-ref ref="STDOUT"/>
        <appender-ref ref="ROLLING_FILE" />
        <appender-ref ref="JSON_ROLLING_FILE" />
<!--        <appender-ref ref="KAFKA_AUDIT" />-->
    </root>

</configuration>
