<assembly xmlns="http://maven.apache.org/ASSEMBLY/2.0.0"
          xmlns:xsi="http://www.w3.org/2001/XMLSchema-instance"
          xsi:schemaLocation="http://maven.apache.org/ASSEMBLY/2.0.0 http://maven.apache.org/xsd/assembly-2.0.0.xsd">

    <id>bin</id>
    <baseDirectory>/</baseDirectory>
    <formats>
        <format>zip</format>
    </formats>

    <fileSets>
        <fileSet>
            <outputDirectory></outputDirectory>
            <directory>${project.basedir}/../acc_returns/src/main/resources</directory>
            <includes>
                <include>*.sql</include>
            </includes>
        </fileSet>

        <!-- jars -->
        <fileSet>
            <directory>${project.basedir}/target/lib</directory>
            <outputDirectory></outputDirectory>
            <includes>
                <include>backend_enrichment*.jar</include>
            </includes>
        </fileSet>
        <fileSet>
            <directory>${project.basedir}/target/lib</directory>
            <outputDirectory></outputDirectory>
            <includes>
                <include>backend_util*.jar</include>
            </includes>
        </fileSet>
        <fileSet>
            <directory>${project.basedir}/target/lib</directory>
            <outputDirectory></outputDirectory>
            <includes>
                <include>ecdr*.jar</include>
            </includes>
        </fileSet>
        <fileSet>
            <directory>${project.basedir}/target/lib</directory>
            <outputDirectory></outputDirectory>
            <includes>
                <include>acc_returns*.jar</include>
            </includes>
        </fileSet>
        <fileSet>
            <directory>${project.basedir}/target/lib</directory>
            <outputDirectory></outputDirectory>
            <includes>
                <include>dfutils-common*.jar</include>
            </includes>
        </fileSet>
        <fileSet>
            <directory>${project.basedir}/target/lib</directory>
            <outputDirectory></outputDirectory>
            <includes>
                <include>data-importer*.jar</include>
            </includes>
        </fileSet>
        <fileSet>
            <directory>${project.basedir}/target/lib</directory>
            <outputDirectory></outputDirectory>
            <includes>
                <include>cdr-deploy*.jar</include>
            </includes>
        </fileSet>
        <fileSet>
            <directory>${project.basedir}/target/lib</directory>
            <outputDirectory></outputDirectory>
            <includes>
                <include>bigbackend_importer*.jar</include>
            </includes>
        </fileSet>
        <fileSet>
            <directory>${project.basedir}/target/lib</directory>
            <outputDirectory></outputDirectory>
            <includes>
                <include>jdbc-adapter*.jar</include>
            </includes>
        </fileSet>
        <fileSet>
            <directory>${project.basedir}/target/lib</directory>
            <outputDirectory></outputDirectory>
            <includes>
                <include>spark-data-loader*.jar</include>
            </includes>
        </fileSet>
        <fileSet>
            <directory>${project.basedir}/target/lib</directory>
            <outputDirectory></outputDirectory>
            <includes>
                <include>spark-lib*.jar</include>
            </includes>
        </fileSet>

        <!-- everything else -->
        <fileSet>
            <directory>${project.basedir}/../backend_util/src/main/conf</directory>
            <outputDirectory>conf</outputDirectory>
            <includes>
                <include>*</include>
            </includes>
        </fileSet>
        <fileSet>
            <directory>${project.basedir}/target/lib</directory>
            <outputDirectory>/lib</outputDirectory>
            <includes>
                <include>zoo*.jar</include>
            </includes>
        </fileSet>
        <fileSet>
            <outputDirectory></outputDirectory>
            <directory>${project.basedir}/target/bin</directory>
            <includes>
                <include>*.sh</include>
            </includes>
        </fileSet>
        <fileSet>
            <directory>${project.basedir}/../backend_util/src/main/sql</directory>
            <outputDirectory></outputDirectory>
            <includes>
                <include>*</include>
            </includes>
        </fileSet>
        <fileSet>
            <directory>${project.basedir}/../backend_util/src/main/bin</directory>
            <outputDirectory></outputDirectory>
            <includes>
                <include>findInFile.sh</include>
            </includes>
        </fileSet>
        <fileSet>
            <directory>${project.basedir}/../bpo_extract/src/main/bpo</directory>
            <outputDirectory>bpo_extracts</outputDirectory>
            <includes>
                <include>**/*</include>
            </includes>
        </fileSet>
        <fileSet>
            <directory>${project.basedir}/../bpo_extract/target/bin</directory>
            <outputDirectory>bpo_extracts</outputDirectory>
            <includes>
                <include>*</include>
            </includes>
        </fileSet>
        <fileSet>
            <directory>${project.basedir}/../bpo_extract/src/main/python</directory>
            <outputDirectory>bpo_extracts</outputDirectory>
            <includes>
                <include>*</include>
            </includes>
        </fileSet>
        <fileSet>
            <directory>${project.basedir}/../bpo_extract/src/main/conf</directory>
            <outputDirectory>conf</outputDirectory>
            <includes>
                <include>*</include>
            </includes>
        </fileSet>
        <fileSet>
            <directory>${project.basedir}/../bpo_extract/src/main/sql</directory>
            <outputDirectory>sql</outputDirectory>
            <includes>
                <include>*</include>
            </includes>
        </fileSet>
        <fileSet>
            <directory>${project.basedir}/target/lib</directory>
            <outputDirectory></outputDirectory>
            <includes>
                <include>data-etl*.jar</include>
            </includes>
        </fileSet>
    </fileSets>

    <!-- https://maven.apache.org/plugins/maven-assembly-plugin/assembly.html -->
    <dependencySets>
        <dependencySet>
            <outputDirectory>bpo-acc</outputDirectory>
            <unpack>true</unpack>
            <useProjectArtifact>true</useProjectArtifact>
            <includes>
                <include>${project.groupId}:bpo-acc:tar.gz:${project.version}</include>
            </includes>
        </dependencySet>
    </dependencySets>

</assembly>
