{
   "acquisition_info": [{
                "comment": "This is a comment and ignored by code. Here we read Hive Table ",
                "Type":"Hive",
                "srcDBNmSrcTblNm": "DatabaseName.TableName",
                "columnsToAcquire": "col1,col2,col3",
                "filterCondition": "where col3 > '$ParamName'",
                "alias":"A"
        },
        {
                "comment": "Here we read HBase Table. You need to provide columns family, column name and it's respective dataype in columnsToAcquire attribute. You can add filter condition as well ",
                "Type":"Hbase",
                "srcDBNmSrcTblNm": "/datalake/optum/optuminsight/... [HBase Table path and name]",
                "columnsToAcquire": "cf:col1 datatype,cf:col1 datatype",
                "filterCondition": "",
                "alias":"ref_entity"
        }],
   "file_info": [{
                "comment": "Here we read csv File as a Table. You need to provide File path , File format and if it has header. File format can be orc,parquet,csv or delimited. If it's a delimiter file , please provide the delimiter value",
                "Type":"File",
                "ReadFile" : "/datalake/optum/optuminsight/... [file input path]",
                "ReadFileFormat" : "csv",
                "Delimiter" : "",
                "Header" : "true",
                "filterCondition": "where col3 > '$ParamName'",
                "alias":"C"
         },
         {
                 "comment": "Here we read a delimiter File as a Table. You need to provide File path , File format and if it has header. File format can be orc,parquet,csv or delimited. If it's a delimiter file , please provide the delimiter value",
                 "Type":"File",
                 "ReadFile" : "/datalake/optum/optuminsight/... [file input path]",
                 "ReadFileFormat" : "delimiter",
                 "Delimiter" : "\u0001",
                 "Header" : "true",
                 "filterCondition": "where col3 > '$ParamName'",
                 "alias":"C"
         },
         {
                 "comment": "Here we read orc File as a Table. You need to provide File path , File format and if it has header. File format can be orc,parquet,csv or delimited. If it's a delimiter file , please provide the delimiter value",
                 "Type":"File",
                 "ReadFile" : "/datalake/optum/optuminsight/... [file input path]",
                 "ReadFileFormat" : "orc",
                 "Delimiter" : "",
                 "Header" : "true",
                 "filterCondition": "where col3 > '$ParamName'",
                 "alias":"C"
         }],
   "processing_info": [{
                              "Query": "select distinct A.col1, B.col2
                                        from A inner join B on A.col1 = B.col1",
                              "QueryAlias" : "AB",
                              "QueryOutputFormat": "delimiter",
                              "Delimiter" : "\u0001",
                              "QueryOutputSaveLocation": "asdasjd",
                              "ReadFile" : "",
                              "ReadFileFormat" : "",
                              "FileAlias" : ""
                        },
                        {
                              "Query": "select distinct AB.col1 , C.col2
                                        from AB inner join C on AB.col1 = C.col1",
                              "QueryAlias" : "ABC",
                              "QueryOutputFormat": "orc",
                              "Delimiter" : "",
                              "QueryOutputSaveLocation": "/datalake/optum/optuminsight/...[output path]",
                              "ReadFile" : "/datalake/optum/optuminsight/... [orc file input path]",
                              "ReadFileFormat" : "orc",
                              "FileAlias" : "fa"
                        }],
  "reconcile_info":[{

                              "ReadFile" : "",
                              "ReadFileFormat" : "",
                              "FileAlias" : "",
                              "Query" : "SELECT ABC.col1 , fa.col2
                                         FROM ABC inner join fa on ABC.col1 = fa.col1 ",
                              "QueryAlias" : "final_details",
                              "QueryOutputFormat": "orc",
                              "Delimiter" : "",
                              "QueryOutputSaveLocation": "/datalake/optum/optuminsight/...[output file location]",
                              "EnabledOnFullLoad":"true"
                        }
                        ]
  "rdbms_store": [{
                              "Query": "select * from ABC",
                              "QueryAlias": "store_abc",
                              "Url": "jdbc:<databaseServerType>://<jdbcHostname>:<jdbcPort>",
                              "Driver": "com.mysql.jdbc.Driver",
                              "TableName": "<jdbcDatabase>.atable",
                              "UserName": "<jdbcUsername>",
                              "Password": "<jdbcPassword>"
  }]
 }
