[
  {
    "name": {
      "first": "John",
      "middle": "Q",
      "last": "Doe"
    },
    "email": "john.doe@sharklasers.com",
    "npi": "0123345",
    "status": "ACTIVE",
    "userType": "STAFF",
    "identifiers": [
      {
        "contextType": "PORTAL",
        "identifier": "msid.abcdef"
      },
      {
        "contextType": "IHR",
        "identifier": "123ACT456789"
      }
    ],
    "userPermissions": [
      {
        "context": "PORTAL",
        "groups": [
          {
            "id": "38195",
            "description": "Developer"
          }
        ],
        "roles": [
          {
            "id": "20105",
            "description": "IHR Staff Admin (1)"
          },
          {
            "id": "20110",
            "description": "Practice Clinical Staff"
          }
        ]
      },
      {
        "context": "IHR",
        "roles": [
          {
            "id": "1",
            "description": "Admin"
          },
          {
            "id": "127",
            "description": "Clinical Staff"
          }
        ]
      }
    ]
  },
  {
    "name": {
      "first": "John",
      "middle": "P",
      "last": "Doe"
    },
    "email": "john.p.doe@sharklasers.com",
    "npi": "0123344",
    "status": "ACTIVE",
    "userType": "PROVIDER",
    "identifiers": [
      {
        "contextType": "PORTAL",
        "identifier": "msid.123"
      },
      {
        "contextType": "IHR",
        "identifier": "123ACT111111"
      }
    ],
    "userPermissions": [
      {
        "context": "PORTAL",
        "groups": [
          {
            "id": "38195",
            "description": "Developer"
          }
        ],
        "roles": [
          {
            "id": "20105",
            "description": "IHR Staff Admin (1)"
          },
          {
            "id": "20110",
            "description": "Practice Clinical Staff"
          }
        ]
      },
      {
        "context": "IHR",
        "roles": [
          {
            "id": "1",
            "description": "Admin"
          },
          {
            "id": "127",
            "description": "Clinical Staff"
          }
        ]
      }
    ]
  }
]
