[
  {
    "securedContext": "ESSO",
    "securities": [
      {
        "key": "IHR_dev_omni_admin",
        "permissions": [
          {
            "context": "PORTAL",
            "roles": [
              {
                "id": "20105",
                "description": "Administrator"
              }
            ],
            "groups": [
            ]
          },
          {
            "context": "IHR",
            "roles": [
              {
                "id": "1",
                "description": "All Permissions"
              }
            ]
          }
        ]
      },
      {
        "key": " ",
        "permissions": [
          {
            "context": "PORTAL",
            "roles": [
              {
                "id": "20110",
                "description": "User"
              }
            ]
          },
          {
            "context": "IHR",
            "roles": [
              {
                "id": "User",
                "description": "Clinical Staff"
              }
            ]
          }
        ]
      },
      {
        "key": "IHR_dev_aco_provider",
        "permissions": [
          {
            "context": "PORTAL",
            "groups": [
              {
                "id": "Administrator",
                "description": "Administrator"
              }
            ]
          },
          {
            "context": "IHR",
            "roles": [
              {
                "id": "User",
                "description": "Clinician"
              }
            ]
          }
        ]
      },
      {
        "key": "CLINICIAN",
        "permissions": [
          {
            "context": "PORTAL",
            "groups": [
              {
                "id": "Provider",
                "description": "Provider"
              }
            ]
          },
          {
            "context": "IHR",
            "roles": [
              {
                "id": "127",
                "description": "Clinician"
              }
            ]
          }
        ]
      },
      {
        "key": "CLINICAL_STAFF",
        "permissions": [
          {
            "context": "PORTAL",
            "groups": [
              {
                "id": "Provider",
                "description": "Provider"
              }
            ]
          },
          {
            "context": "IHR",
            "roles": [
              {
                "id": "128",
                "description": "Clinical Staff"
              }
            ]
          }
        ]
      }
    ]
  },
  {
    "securedContext": "LINK",
    "securities": [
      {
        "key": "CLINICIAN",
        "permissions": [
          {
            "context": "PORTAL",
            "groups": [
              {
                "id": "Provider",
                "description": "Provider"
              }
            ]
          },
          {
            "context": "IHR",
            "roles": [
              {
                "id": "127",
                "description": "Clinician"
              }
            ]
          }
        ]
      },
      {
        "key": "CLINICAL_STAFF",
        "permissions": [
          {
            "context": "PORTAL",
            "groups": [
              {
                "id": "Provider",
                "description": "Provider"
              }
            ]
          },
          {
            "context": "IHR",
            "roles": [
              {
                "id": "128",
                "description": "Clinical Staff"
              }
            ]
          }
        ]
      }, {
        "key": "NullPermission"
      }, {
        "key": "EmptyPermission",
        "permissions": []
      }
    ]
  }
]